Accuracy,Validation Loss,Elapsed time,Batch Size,Hidden layer,Hidden Num,Learning Rate,Epochs
0.11134920634920635,0.09000769257545471,351.3965198993683,76,"[947, 396, 343, 661, 294, 689, 893, 862, 625]",10,0.021300778528843146,13
0.9603174603174603,0.006239580921828747,1100.3153204917908,29,"[673, 884, 547, 399, 370, 736, 408, 746, 480]",10,1.3290878925364584e-05,18
0.11341269841269841,0.08993136137723923,148.56832647323608,71,"[246, 307, 618, 797, 823, 526, 781]",8,0.008544031732468895,11
0.10246031746031746,0.09013045579195023,448.12903666496277,58,"[977, 395, 833, 987, 973, 655, 845, 301]",9,0.006684131963719381,13
