Accuracy,Validation Loss,Elapsed time,Batch Size,Hidden Num,Learning Rate,Epochs
tensor(0.),0.018371455371379852,49.70431160926819,15,50,0.01,13
0.9273809523809524,0.01914617046713829,26.6057288646698,15,50,0.01,14
